in_analysis,GenID,isolate,species,Region,subregion,,,Collector,number
D005_chevalieri_NC,D005_chevalieri_NC,D005,chevalieri,NC,,New Caledonia,,"Shaw, Blanka",17177
D006_sp_A_NC,D006_cf_microscopica_NC,D006,species B,NC,,New Caledonia,,"Shaw, Blanka",17097
D008_scalaris_NC,D008_scalaris_NC,D008,scalaris,NC,,New Caledonia,,"Shaw, Blanka",17014
D010_microscopica_NC,D010_microscopica_NC,D010,microscopica,NC,,New Caledonia,,"Shaw, Blanka",16744
D012_coastal_NC,D012_Not_chevalieri_NC,D012,coastal,NC,,New Caledonia,,"Shaw, Blanka",17566
D013_chevalieri_NC,D013_npc1_NC,D013,chevalieri,NC,,New Caledonia,,"Shaw, Blanka",17281
D057_chevalieri_NC,D057_chevalieri_NC,D057,chevalieri,NC,,New Caledonia,,"Shaw, Blanka",17038
D070_chevalieri_NC,D070_npc2_NC,D070,chevalieri,NC,,New Caledonia,,"Shaw, Blanka",16575
D201_microscopica_NC,D201_microscopica_NC,D201,microscopica,NC,,New Caledonia,,"Shaw, Blanka",16742a
D207_sp_A_NC,D207_cf_microscopica_NC,D207,species B,NC,,New Caledonia,,"Shaw, Blanka",16752
D208_chevalieri_NC,D208_npc2_NC,D208,chevalieri,NC,,New Caledonia,,"Shaw, Blanka",16772
D209_chevalieri_NC,D209_npc2_NC,D209,chevalieri,NC,,New Caledonia,,"Shaw, Blanka",16775a
D210_chevalieri_NC,D210_npc2_NC,D210,chevalieri,NC,,New Caledonia,,"Shaw, Blanka",16775
D211_microscopica_NC,D211_microscopica_NC,D211,microscopica,NC,,New Caledonia,,"Shaw, Blanka",16783
D212_microscopica_NC,D212_microscopica_NC,D212,microscopica,NC,,New Caledonia,,"Shaw, Blanka",16784
D213_chevalieri_NC,D213_npc2_NC,D213,chevalieri,NC,,New Caledonia,,"Shaw, Blanka",16785
D214_chevalieri_NC,D214_chevalieri_NC,D214,chevalieri,NC,,New Caledonia,,"Shaw, Blanka",16785a
D216_chevalieri_NC,D216_npc2_NC,D216,chevalieri,NC,,New Caledonia,,"Shaw, Blanka",16791
D217_chevalieri_NC,D217_npc2_NC,D217,chevalieri,NC,,New Caledonia,,"Shaw, Blanka",16826B
D218_chevalieri_NC,D218_chevalieri_NC,D218,chevalieri,NC,,New Caledonia,,"Shaw, Blanka",16792
D219_chevalieri_NC,D219_npc2_NC,D219,chevalieri,NC,,New Caledonia,,"Shaw, Blanka",16870
D220_neocaledonica_NC,D220_cf_neocal_NC,D220,neocaledonica,NC,,New Caledonia,,"Shaw, Blanka",16870a
D221_neocaledonica_NC,D221_neocal_NC,D221,neocaledonica,NC,,New Caledonia,,"Shaw, Blanka",16897
D222_chevalieri_NC,D222_npc2_NC,D222,chevalieri,NC,,New Caledonia,,"Shaw, Blanka",16898
D223_chevalieri_NC,D223_npc2_NC,D223,chevalieri,NC,,New Caledonia,,"Shaw, Blanka",16909
D224_chevalieri_NC,D224_npc2_NC,D224,chevalieri,NC,,New Caledonia,,"Shaw, Blanka",17179
D225_scalaris_NC,D225_scalaris_NC,D225,scalaris,NC,,New Caledonia,,"Shaw, Blanka",17180
D226_chevalieri_NC,D226_chevalieri_NC,D226,chevalieri,NC,,New Caledonia,,"Shaw, Blanka",17180a
D227_chevalieri_NC,D227_chevalieri_NC,D227,chevalieri,NC,,New Caledonia,,"Shaw, Blanka",17180b
D229_chevalieri_NC,D229_chevalieri_NC,D229,chevalieri,NC,,New Caledonia,,"Shaw, Blanka",17182
D231_chevalieri_NC,D231_npc1_NC,D231,chevalieri,NC,,New Caledonia,,"Shaw, Blanka",17195
D232_chevalieri_NC,D232_npc1_NC,D232,chevalieri,NC,,New Caledonia,,"Shaw, Blanka",17197
D233_chevalieri_NC,D233_chevalieri_NC,D233,chevalieri,NC,,New Caledonia,,"Shaw, Blanka",17209
D234_chevalieri_NC,D234_npc1_NC,D234,chevalieri,NC,,New Caledonia,,"Shaw, Blanka",17211
D235_chevalieri_NC,D235_chevalieri_NC,D235,chevalieri,NC,,New Caledonia,,"Shaw, Blanka",17212
D237_chevalieri_NC,D237_npc1_NC,D237,chevalieri,NC,,New Caledonia,,"Shaw, Blanka",17219
D238_chevalieri_NC,D238_npc1_NC,D238,chevalieri,NC,,New Caledonia,,"Shaw, Blanka",17220
D239_chevalieri_NC,D239_cf_chevalieri_NC,D239,chevalieri,NC,,New Caledonia,,"Shaw, Blanka",17233
D240_chevalieri_NC,D240_npc2_NC,D240,chevalieri,NC,,New Caledonia,,"Shaw, Blanka",17237
D241_chevalieri_NC,D241_chevalieri_NC,D241,chevalieri,NC,,New Caledonia,,"Shaw, Blanka",17240
D242_chevalieri_NC,D242_npc1_NC,D242,chevalieri,NC,,New Caledonia,,"Shaw, Blanka",no data!!!!!!
D244_chevalieri_NC,D244_npc1_NC,D244,chevalieri,NC,,New Caledonia,,"Shaw, Blanka",17301
D245_chevalieri_NC,D245_npc2_NC,D245,chevalieri,NC,,New Caledonia,,"Shaw, Blanka",16780
D246_chevalieri_NC,D246_npc2_NC,D246,chevalieri,NC,,New Caledonia,,"Shaw, Blanka",17025
D247_chevalieri_NC,D247_npc2_NC,D247,chevalieri,NC,,New Caledonia,,"Shaw, Blanka",16779
D249_scalaris_NC,D249_scalaris_NC,D249,scalaris,NC,,New Caledonia,,"Shaw, Blanka",16723
D254_scalaris_NC,D254_scalaris_NC,D254,scalaris,NC,,New Caledonia,,"Shaw, Blanka",16732
D255_scalaris_NC,D255_scalaris_NC,D255,scalaris,NC,,New Caledonia,,"Shaw, Blanka",16641
D256_scalaris_NC,D256_scalaris_NC,D256,scalaris,NC,,New Caledonia,,"Shaw, Blanka",17044
D257_chevalieri_NC,D257_npc2_NC,D257,chevalieri,NC,,New Caledonia,,"Shaw, Blanka",16777
D258_chevalieri_NC,D258_npc2_NC,D258,chevalieri,NC,,New Caledonia,,"Shaw, Blanka",16616
D272_rostrata_NZn,D272_cf_rostrata_NZ_Gisborne,D272,rostrata,NZ,north,New Zealand,North Island,"de Lange, Peter",11387
D275_neocaledonica_NC,D275_cf_neocal_NC,D275,neocaledonica,NC,,New Caledonia,,"Larraín, Juan",35845
D276_chevalieri_NC,D276_chevalieri_NC,D276,chevalieri,NC,,New Caledonia,,"Larraín, Juan",35925
D279_microcaulis_Ch,D279_microcaulis_Ch,D279,microcaulis,CH,,Chile,,"Larraín, Juan",36429
D280_lobulata_Ch,D280_lobulata_Ch,D280,lobulata,CH,,Chile,,"Buck, Bill",58386
D281_lobulata_Ch,D281_lobulata_Ch,D281,lobulata,CH,,Chile,,"Briscoe, Laura",1130B
D282_lobulata_Ch,D282_lobulata_Ch,D282,lobulata,CH,,Chile,,"Von Konrat, Matt",10054
D283_lobulata_Ch,D283_lobulata_Ch,D283,lobulata,CH,,Chile,,"Briscoe, Laura",1857
D284_lobulata_Ch,D284_lobulata_Ch,D284,lobulata,CH,,Chile,,"Larraín, Juan",36220
D285_lobulata_Ch,D285_lobulata_Ch,D285,lobulata,CH,,Chile,,"Larraín, Juan",36331
D286_lobulata_Ch,D286_lobulata_Ch,D286,lobulata,CH,,Chile,,"Buck, Bill",58371
D288_rostrata_NZn,D288_rostrata_NZ_Gisborne,D288,rostrata,NZ,north,New Zealand,North Island,"de Lange, Peter",11612b
D290_coastal_NZn,D290_cf_coastal_NZ_HawkesBay,D290,coastal,NZ,north,New Zealand,North Island,"de Lange, Peter",11489
D291_coastal_NZn,D291_cf_coastal_NZ_Aukland,D291,coastal,NZ,north,New Zealand,North Island,"de Lange, Peter",11473
D292_coastal_NZn,D292_cf_coastal_NZ_Gisborne,D292,coastal,NZ,north,New Zealand,North Island,"de Lange, Peter",11494
D293_coastal_NZn,D293_cf_coastal_NZ_HawkesBay,D293,coastal,NZ,north,New Zealand,North Island,"de Lange, Peter",11455B
D294_rostrata_NZn,D294_rostrata_NZ_Aukland,D294,rostrata,NZ,north,New Zealand,North Island,"de Lange, Peter",11219
D295_rostrata_NZn,D295_rostrata_NZ_Wellington,D295,rostrata,NZ,north,New Zealand,North Island,"de Lange, Peter",11191
D296_coastal_NZn,D296_rostrata_NZ_Waitakere,D296,coastal,NZ,north,New Zealand,North Island,"de Lange, Peter",11245
D297_coastal_NZn,D297_cf_rostrata_NZ_Gisborne,D297,coastal,NZ,north,New Zealand,North Island,"de Lange, Peter",11498
D298_rostrata_NZ,D298_rostrata_NZ,D298,rostrata,NZ,north,New Zealand,North Island,"de Lange, Peter",11610
D299_coastal_NZn,D299_cf_rostrata_NZ_Aukland,D299,coastal,NZ,north,New Zealand,North Island,"de Lange, Peter",11239
D300_coastal_NZn,D300_cf_coastal_NZ_Aukland,D300,coastal,NZ,north,New Zealand,North Island,"de Lange, Peter",11215
D301_coastal_NZn,D301_cf_coastal_NZ_Opape,D301,coastal,NZ,north,New Zealand,North Island,"de Lange, Peter",11373
D303_coastal_NZn,D303_rostrata_NZ_BayPlenty,D303,coastal,NZ,north,New Zealand,North Island,"de Lange, Peter",11371
D304_rostrata_NZn,D304_rostrata_NZ_northIs,D304,rostrata,NZ,north,New Zealand,North Island,"Rolfe, Jeremy R.",PDL12
D305_rostrata_NZ,D305_rostrata_NZ,D305,rostrata,NZ,?????,New Zealand,,"Engel, John & von Konrat",27948
D307_rostrata_NZ,D307_rostrata_NZ,D307,rostrata,NZ,???,New Zealand,,"Engel, John & von Konrat",24423
D308_fertilis_Ch,D308_fertilis_Ch,D308,fertilis,CH,,Chile,,"Engel, John",25265
D309_magellanica1_Ch,D309_mage1_Ch,D309,mage1,CH,,Chile,,"Von Konrat, Matt",6430
D310_fertilis_Ch,D310_fertilis_Ch,D310,fertilis,CH,,Chile,,"Briscoe, Laura",2009
D312_magellanica1_Ch,D312_mage1_Ch,D312,mage1,CH,,Chile,,"Von Konrat, Matt",9818
D313_magellanica1_Ch,D313_mage1_Ch,D313,mage1,CH,,Chile,,"Von Konrat, Matt",9643
D314_magellanica1_Ch,D314_mage1_Ch,D314,mage1,CH,,Chile,,"Von Konrat, Matt",9648
D315_magellanica1_Ch,D315_mage1_Ch,D315,mage1,CH,,Chile,,"Von Konrat, Matt",9651
D316_magellanica1_Ch,D316_mage1_Ch,D316,mage1,CH,,Chile,,"Von Konrat, Matt",9652
D317_magellanica1_Ch,D317_mage1_Ch,D317,mag3,CH,,Chile,,"Von Konrat, Matt",9989
D318_magellanica1_Ch,D318_mage1_Ch,D318,mag3,CH,,Chile,,"Von Konrat, Matt",9984
D319_magellanica3_Ch,D319_mage3_Ch,D319,mag3,CH,,Chile,,"Von Konrat, Matt",6361
D320_magellanica3_Ch,D320_mage3_Ch,D320,mag3,CH,,Chile,,"Larraín, Juan",36381
D321_fertilis_Ch,D321_fertilis_Ch,D321,fertilis,CH,,Chile,,"Larraín, Juan",36612
D322_magellanica3_Ch,D322_mage3_Ch,D322,mag3,CH,,Chile,,"Larraín, Juan",36644
D323_fertilis_Ch,D323_fertilis_Ch,D323,fertilis,CH,,Chile,,"Larraín, Juan",36616
D324_magellanica1_Ch,D324_mage1_Ch,D324,mage1,CH,,Chile,,"Larraín, Juan",36797
D325_fertilis_Ch,D325_fertilis_Ch,D325,fertilis,CH,,Chile,,"Larraín, Juan",36311
D326_magellanica3_Ch,D326_mage3_Ch,D326,mag3,CH,,Chile,,"Briscoe, Laura",1818
D327_fertilis_Ch,D327_fertilis_Ch,D327,fertilis,CH,,Chile,,"Briscoe, Laura",1906
D329_magellanica1_Ch,D329_mage1_Ch,D329,mage1,CH,,Chile,,"Shaw, Blanka",13701
D330_magellanica3_Ch,D330_mage3_Ch,D330,mag3,CH,,Chile,,"Shaw, Blanka",13786
D331_magellanica3_Ch,D331_mage3_Ch,D331,mag3,CH,,Chile,,"Larraín, Juan",36518
D333_magellanica1_Ch,D333_mage1_Ch,D333,mage1,CH,,Chile,,"Larraín, Juan",36484
D334_magellanica3_Ch,D334_mage3_Ch,D334,mag3,CH,,Chile,,"Larraín, Juan",36308
D335_magellanica3_Ch,D335_mage3_Ch,D335,mag3,CH,,Chile,,"Buck, Bill",58886
D336_fertilis_Ch,D336_fertilis_Ch,D336,fertilis,CH,,Chile,,"Larraín, Juan",36204
D337_fertilis_Ch,D337_fertilis_Ch,D337,fertilis,CH,,Chile,,"Larraín, Juan",36894
D338_microcaulis_Ch,D338_microcaulis_Ch,D338,microcaulis,CH,,Chile,,"Von Konrat, Matt",6539
D341_microcaulis_Ch,D341_microcaulis_Ch,D341,microcaulis,CH,,Chile,,"Shaw, Blanka",14323
D342_microcaulis_Ch,D342_microcaulis_Ch,D342,microcaulis,CH,,Chile,,"Von Konrat, Matt",9672
D343_magellanica3_Ch,D343_mage3_Ch,D343,mage3,CH,,Chile,,"Larraín, Juan",36224
D345_microcaulis_Ch,D345_microcaulis_Ch,D345,microcaulis,CH,,Chile,,"Von Konrat, Matt",9671
D349_fertilis_Ch,D349_fertilis_Ch,D349,fertilis,CH,,Chile,,"Briscoe, Laura",1121
D350_magellanica1_Ch,D350_mage1_Ch,D350,mage1,CH,,Chile,,"Briscoe, Laura",1098
D351_magellanica3_Ch,D351_mage3_Ch,D351,mag3,CH,,Chile,,"Briscoe, Laura",1004
D352_magellanica3_Ch,D352_mage3_Ch,D352,mag3,CH,,Chile,,"Briscoe, Laura",1019
D358_chevalieri_NC,D358_cf_chevalieri_NC,D358,chevalieri,NC,,New Caledonia,,"Larraín, Juan",35882
D359_chevalieri_NC,D359_cf_chevalieri_NC,D359,chevalieri,NC,,New Caledonia,,"Larraín, Juan",35613
D363_chevalieri_NC,D363_cf_chevalieri_NC,D363,chevalieri,NC,,New Caledonia,,"Larraín, Juan",35718
D364_microcaulis_Ch,D364_microcaulis_Ch,D364,microcaulis,CH,,Chile,,"Briscoe, Laura",1702
D365_fertilis_Ch,D365_fertilis_Ch,D365,fertilis,CH,,Chile,,"Briscoe, Laura",1943
D366_lobulata_Ch,D366_lobulata_Ch,D366,lobulata,CH,,Chile,,"Briscoe, Laura",1802
D367_magellanica3_Ch,D367_mage3_Ch,D367,mag3,CH,,Chile,,"Briscoe, Laura",1688
D368_chevalieri_NC,D368_cf_chevalieri_NC,D368,chevalieri,NC,,New Caledonia,,"Larraín, Juan",36107
D369_microcaulis_Ch,D369_microcaulis_Ch,D369,microcaulis,CH,,Chile,,"Buck, Bill",58496
D370_rostrata_AUnsw,D370_cf_rostrata_AU_nsw,D370,rostrata,AUS,nsw,Australia,New South Wales,"Renner, Matt",6616
D371_rostrata_AUnsw,D371_cf_junghuhniana_AU_nsw,D371,rostrata,AUS,nsw,Australia,New South Wales,"Renner, Matt",6646
D372_rostrata_AUnsw,D372_cf_rostrata_AU_nsw,D372,rostrata,AUS,nsw,Australia,New South Wales,"Renner, Matt",6621
D373_rostrata_AUnsw,D373_cf_rostrata_AU_nsw,D373,rostrata,AUS,nsw,Australia,New South Wales,"Renner, Matt",6645
D376_coastal_NZ_X,D376_rostrata_NZ,D376,coastal,NZ,???,New Zealand,,"de Lange, Peter",K251
D377_coastal_NZ_X,D377_rostrata_NZ,D377,coastal,NZ,???,New Zealand,,"de Lange, Peter",K36
D378_rostrata_NZ_X,D378_rostrata_NZ,D378,rostrata,NZ,???,New Zealand,,"Braggins, J.E.",7010D
D379_lobulata_Ch,D379_lobulata_Ch,D379,lobulata,CH,,Chile,,"Buck, Bill",58405
D380_lobulata_Ch,D380_lobulata_Ch,D380,lobulata,CH,,Chile,,"Cameron, E.K.",11192
D381_sp_A_NC,D381_cf_microscopica_NC,D381,species B,NC,,New Caledonia,,"Shaw, Blanka",17627
D382_scalaris_NC,D382_scalaris_NC,D382,scalaris,NC,,New Caledonia,,"Shaw, Blanka",17629
D383_sp_A_NC,D383_cf_microscopica_NC,D383,species B,NC,,New Caledonia,,"Shaw, Blanka",17628
D384_pseudomeyeniana_NC,D384_scalaris_NC,D384,scalaris,NC,,New Caledonia,,"Shaw, Blanka",17619
D385_chevalieri_NC,D385_npc2_NC,D385,chevalieri,NC,,New Caledonia,,"Shaw, Blanka",17607
D386_sp_A_NC,D386_cf_microscopica_NC,D386,species B,NC,,New Caledonia,,"Shaw, Blanka",17624
D387_parhamii_Fi,D387_parhamii_Fi,D387,parhamii,FI,,Fiji,,"Shaw, Blanka",16064
D388_chevalieri_Fi,D388_chevalieri_Fi,D388,chevalieri,FI,,Fiji,,"Shaw, Blanka",16214
D389_parhamii_Fi,D389_parhamii_Fi,D389,parhamii,FI,,Fiji,,"Shaw, Blanka",16065
D390_parhamii_Fi,D390_parhamii_Fi,D390,parhamii,FI,,Fiji,,"Shaw, Blanka",16061
D392_chevalieri_Fi,D392_chevalieri_Fi,D392,chevalieri,FI,,Fiji,,"Shaw, Blanka",17713
D393_chevalieri_Fi,D393_chevalieri_Fi,D393,chevalieri,FI,,Fiji,,"Shaw, Blanka",17710
D394_sp_A_NC,D394_cf_microscopica_NC,D394,species B,NC,,New Caledonia,,"Shaw, Blanka",17625
D395_parhamii_Fi,D395_parhamii_Fi,D395,parhamii,FI,,Fiji,,"Shaw, Blanka",15924
D396_sp_A_NC,D396_cf_microscopica_NC,D396,species B,NC,,New Caledonia,,"Shaw, Blanka",17630
D439_rostrata_TAS,D439_rostrata_TAS,D439,rostrata,TAS,,Tasmania,,"Pócs, T.",0060/M
D440_rostrata_TAS,D440_cf_rostrata_TAS,D440,rostrata,TAS,duplicate,Tasmania,,"Pócs, T.",0058/K
,D440_rostrata_TAS,D440,rostrata,TAS,duplicate,Tasmania,,,
D441_rostrata_TAS,D441_cf_rostrata_TAS,D441,rostrata,TAS,duplicate,Tasmania,,,
,D441_rostrata_TAS,D441,rostrata,TAS,duplicate,Tasmania,,"Pócs, T.",0073/K
D442_rostrata_TAS,D442_rostrata_TAS,D442,rostrata,TAS,,Tasmania,,"Pócs, T.",0072/AK
D443_rostrata_TAS,D443_rostrata_TAS,D443,rostrata,TAS,,Tasmania,,"Pócs, T.",0085/B
D444_rostrata_TAS,D444_rostrata_TAS,D444,rostrata,TAS,,Tasmania,,"Pócs, T.",0086/AF
D445_rostrata_TAS,D445_rostrata_TAS,D445,rostrata,TAS,,Tasmania,,"Pócs, T.",0057/D
D447_rostrata_TAS,D447_cf_rostrata_TAS,D447,rostrata,TAS,,Tasmania,,"Pócs, T.",0088/A
D448_rostrata_TAS,D448_cf_rostrata_TAS,D448,rostrata,TAS,duplicate,Tasmania,,"Pócs, T.",0055/X
,D448_rostrata_TAS,D448,rostrata,TAS,duplicate,Tasmania,,,
D450_rostrata_AUnsw,D450_rostrata_AU_nsw,D450,rostrata,AUS,nsw,Australia,New South Wales,"Pócs, T.",003/F
D451_rostrata_NZn,D451_rostrata_NZ_northIs,D451,rostrata,NZ,north,New Zealand,North Island,"de Lange, Peter",12010
D452_rostrata_NZn,D452_rostrata_NZ_northIs,D452,rostrata,NZ,north,New Zealand,North Island,"de Lange, Peter",12009
D453_fertilis_Ch,D453_fertilis_Ch,D453,fertilis,CH,,Chile,,"Larraín, Juan",33051
D454_rostrata_NZn,D454_cf_coastal_NZ_northIs,D454,rostrata,NZ,north,New Zealand,North Island,"de Lange, Peter",12008
D455_rostrata_NZn,D455_rostrata_NZ_northIs,D455,rostrata,NZ,north,New Zealand,North Island,"de Lange, Peter",12021
D456_rostrata_NZn,D456_cf_coastal_NZ_northIs,D456,rostrata,NZ,north,New Zealand,North Island,"de Lange, Peter",12015
D457_coastal_NZn,D457_cf_coastal_NZ_northIs,D457,coastal,NZ,north,New Zealand,North Island,"de Lange, Peter",12229
D458_fertilis_Ch,D458_fertilis_Ch,D458,fertilis,CH,,Chile,,"Larraín, Juan",37788
D459_fertilis_Ch,D459_fertilis_Ch,D459,fertilis,CH,,Chile,,"Larraín, Juan",37789
D463_rostrata_AUnsw,D463_rostrata_AU_nsw,D463,rostrata,AUS,nsw,Australia,New South Wales,"Shaw, Blanka",14401
D464_rostrata_AUnsw,D464_rostrata_AU_nsw,D464,rostrata,AUS,nsw,Australia,New South Wales,"Shaw, Blanka",14406
D467_rostrata_TAS,D467_cf_rostrata_TAS,D467,rostrata,TAS,duplicate,Tasmania,,"Pócs, T.",0063/E
D468_rostrata_TAS,D468_rostrata_TAS,D468,rostrata,TAS,,Tasmania,,"Pócs, T.",0070/O
D469_rostrata_TAS,D469_rostrata_TAS,D469,rostrata,TAS,,Tasmania,,"Pócs, T.",0071/Q
D470_rostrata_TAS,D470_rostrata_TAS,D470,rostrata,TAS,,Tasmania,,"Pócs, T.",0055/A
D471_coastal_NC,D471_odd_cf_rostrata_NC,D471,coastal,NC,,New Caledonia,,"Shaw, Blanka",17562
D472_nisquallensis,D472_nisquallensis_OUTGR,D472,nisqualensis,,,,,Schofield,122967
D473_asagrayana,D473_asagrayana_OUTGR,D473,asagrayana,,,,,"Horn,J",1831
D474_franciscana,D474_franciscana_OUTGR,D474,franciscana,,,,,Schofield,114414
D475_inflata,D475_inflata_OUTGR,D475,inflata,,,,,"Shaw, Blanka",6075
D478_magellanica3_TdC,D478_mage_Gough,D478,mag3,GOU,,Gough Island,,"Gremmen, NJM",99-146
D479_rostrata_TAS,D479_weymouthiana_TAS,D479,rostrata,TAS,,Tasmania,,"Dalton, Paddy",14118
D480_rostrata_TAS,D480_cf_rostrata_TAS,D480,rostrata,TAS,,Tasmania,,"Dalton, Paddy",14115
D481_perversa_MAL,D481_perversa_MAL,D481,junghuhniana,MAL,,Malaysia,,"Larraín, Juan",37898
D482_bisexualis_MAL,D482_bisexualis_MAL,D482,junghuhniana,MAL,,Malaysia,,"Von Konrat, Matt",17496
D483_perversa_MAL,D483_perversa_MAL,D483,junghuhniana,MAL,,Malaysia,,"Larraín, Juan",38035
D484_bisexualis_MAL,D484_bisexualis_MAL,D484,junghuhniana,MAL,,Malaysia,,"Larraín, Juan",37965
D485_bisexualis_MAL,D485_bisexualis_MAL,D485,junghuhniana,MAL,,Malaysia,,"Larraín, Juan",37924
D486_junghuhniana_MAL,D486_junghuhniana_MAL,D486,junghuhniana,MAL,,Malaysia,,"Von Konrat, Matt",17770
D487_perversa_MAL,D487_perversa_MAL,D487,junghuhniana,MAL,,Malaysia,,"Von Konrat, Matt",17398
D488_bisexualis_MAL,D488_bisexualis_MAL,D488,junghuhniana,MAL,,Malaysia,,"Von Konrat, Matt",17491
D489_perversa_MAL,D489_perversa_MAL,D489,junghuhniana,MAL,,Malaysia,,"Von Konrat, Matt",17433
D490_junghuhniana_MAL,D490_junghuhniana_MAL,D490,junghuhniana,MAL,,Malaysia,,"Von Konrat, Matt",17459
D491_junghuhniana_MAL,D491_junghuhniana_MAL,D491,junghuhniana,MAL,,Malaysia,,"Von Konrat, Matt",17494
D492_junghuhniana_MAL,D492_junghuhniana_MAL,D492,junghuhniana,MAL,,Malaysia,,"Von Konrat, Matt",17655
D493_bisexualis_MAL,D493_bisexualis_MAL,D493,junghuhniana,MAL,,Malaysia,,"Larraín, Juan",37961
D494_junghuhniana_MAL,D494_junghuhniana_MAL,D494,junghuhniana,MAL,,Malaysia,,"Larraín, Juan",37889
D495_junghuhniana_MAL,D495_junghuhniana_MAL,D495,junghuhniana,MAL,,Malaysia,,"Larraín, Juan",37864
D497_rostrata_AUvic,D497_rostrata_AU_vic,D497,rostrata,AUS,vic,Australia,Victoria,"Pócs, T. & H. Streimann",99172/D
D498_coastal_AUqsl,D498_cf_coastal_AU_qsl,D498,coastal,AUS,qsl,Australia,Queensland,"Pócs, T. & H. Streimann",99128/E
D500_coastal_AUvic,D500_andropotentis_AU_vic,D500,coastal,AUS,vic,Australia,Victoria,"Pócs, T. & H. Streimann",99189/A
D501_coastal_AUqsl,D501_andropotentis_AU_qsl,D501,coastal,AUS,qsl,Australia,Queensland,"Pócs, T. & H. Streimann",9977/U
D502_coastal_AUqsl,D502_cf_coastal_AU_qsl,D502,coastal,AUS,qsl,Australia,Queensland,"Pócs, T. & H. Streimann",99109/BO
,D503_rostrata_AU_qsl,D503,coastal,AUS,qsl,Australia,Queensland,"Pócs, S., T. Pócs",01119/N
D504_coastal_AUqsl,D504_coast_jung_AU_qsl,D504,coastal,AUS,qsl,Australia,Queensland,"Pócs, T, & E.A. Brown",01093/R
D505_coastal_AUqsl,D505_andropotentis_AU_qsl,D505,coastal,AUS,qsl,Australia,Queensland,"Cairns, A., T. Pócs, H. Streimann & H. Walker",9973/N
,D506_rostrata_AU_qsl,D506,rostrata,AUS,qsl,Australia,Queensland,"Pócs, T. & H. Streimann",99108/G
D507_coastal_AU_nsw,D507_cf_gracilis_AU_nsw,D507,coastal,AUS,nsw,Australia,New South Wales,"Pócs, S., T. Pócs & E.A. Brown",0037/E
D508_coastal_AUqsl,D508_rost_jung_AU_qsl,D508,coastal,AUS,qsl,Australia,Queensland,"Pócs, T. & H. Streimann",9961/K
D510_rostrata_AUqsl,D510_cf_rostrata_AU_qsl,D510,rostrata,AUS,nsw,Australia,New South Wales,"Pócs, T. & H. Streimann",99200/G
D511_coastal_AUqsl,D511_cf_andropotentis_AU_qsl,D511,coastal,AUS,qsl,Australia,Queensland,"Pócs, T. & H. Streimann",99128/D
D512_rostrata_AUvic,D512_rostrata_AU_vic,D512,rostrata,AUS,vic,Australia,Victoria,"Pócs, T. & H. Streimann",99173/G
D513_coastal_AUnsw,D513_coast_jung_AU_nsw,D513,coastal,AUS,nsw,Australia,New South Wales,"Pócs, S., T. Pócs & E.A. Brown",0046/Q
D514_rostrata_AUvic,D514_weymouthiana_AU_vic,D514,rostrata,AUS,vic,Australia,Victoria,"Pócs, T. & H. Streimann",99172/C
F007_toropuku_NZn,F007_toropuku_NZ_northIs,F007,toropuku,NZ,north,New Zealand,North Island,"de Lange, Peter",8038
F045_toropuku_NZn,F045_toropuku_NZ_northIs,F045,toropuku,NZ,north,New Zealand,North Island,"de Lange, Peter",8038
F046_coastal_NZn,F046_cf_coastal_NZ_northIs,F046,coastal,NZ,north,New Zealand,North Island,"de Lange, Peter",K225
F060_coastal_NZn,F060_cf_coastal_NZ_northIs,F060,coastal,NZ,north,New Zealand,North Island,"Cameron, E.K.",12503
F061_coastal_NZn,F061_cf_coastal_NZ_northIs,F061,coastal,NZ,north,New Zealand,North Island,"de Lange, Peter",8034
F062_coastal_NZn,F062,F062,rostrata,NZ,north,New Zealand,North Island,"de Lange, Peter",8037
F063_coastal_KERM,F063_cf_coastal_KERM,F063,coastal,KERM,,Kermadec Islands,,Stanley,AK 294898
F064_coastal_KERM,F064_cf_coastal_KERM,F064,coastal,KERM,,Kermadec Islands,,"de Lange, Peter",K376
F070_coastal_KERM,F070_cf_coastal_KERM,F070,coastal,KERM,,Kermadec Islands,,"de Lange, Peter",K339
F104_truncatistyla_NZn,F104_truncatistyla_NZ,F104,truncatistyla,NZ,,New Zealand,North Island,"Renner, Matt",AK 298563 MAMR 2560
F181_coastal_NZ_X,F181_cf_coastal_NZ,F181,coastal,NZ,?????,New Zealand,,"Engel, John, von Konrat & Braggins",24767
F222_coastal_AUqsl,F222_cf_junghuniana_AU_qsl,F222,coastal,AUS,qsl,Australia,Queensland,"Pócs, T. & H. Streimann",9977/M
F223_coastal_AUqsl,F223_cf_junghuhniana_AU_Qnslnd,F223,coastal,AUS,qsl,Australia,Queensland,"Pócs, T.",01116/c
F224_coastal_AUqsl,F224_cf_coastal_AU_Qnslnd,F224,coastal,AUS,qsl,Australia,Queensland,"Pócs, T. & H. Streimann",9977/j
F244_coastal_NZn,F244_squarrose_NZ_northIs,F244,coastal,NZ,north,New Zealand,North Island,"de Lange, Peter",8037
F261_toropuku_NZn,F261_toropuku_NZ,F261,toropuku,NZ,???,New Zealand,,"Von Konrat, Matt",97/15a
F296_parhamii_Fi,F296_parhamii_Fi,F296,parhamii,FI,,Fiji,,"Von Konrat, Matt",12/052a
F298_parhamii_Fi,F298_parhamii_Fi,F298,parhamii,FI,,Fiji,,"Von Konrat, Matt",12/052g
F301_chevalieri_Fi,F301_cf_chevalieri_Fi,F301,chevalieri,FI,,Fiji,,"Von Konrat, Matt",10--5-27
F314_chevalieri_NC,F314_cf_chevalieri_NC,F314,chevalieri,NC,,New Caledonia,,"Larraín, Juan",36082
F320_microscopica_NC,F320_microscopica_NC,F320,microscopica,NC,,New Caledonia,,"Larraín, Juan",36112
F328_rostrata_AUnsw,F328_rostrata_AU,F328,rostrata,AUS,nsw,Australia,New South Wales,"Pócs, T.",99150/A
F360_rostrata_NZ_X,F360_rostrata_NZ,F360,coastal,NZ,????,New Zealand,,"de Lange, Peter",11106
F374_chevalieri_NC,F374_cf_chevalieri_NC,F374,chevalieri,NC,,New Caledonia,,"Larraín, Juan",36111
F380_cf_neocaledonica_NC,F380_cf_neocaledonica_NC,F380,neocaledonica,NC,,New Caledonia,,"Larraín, Juan",35883
F411_magellanica3_Ch,F411_mage3_Ch,F411,mag3,CH,,Chile,,"Von Konrat, Matt",6469
,F412_junghuniana_Fi,F412,chevalieri,FI,,Fiji,,"Von Konrat, Matt",10--5-6
gb_knightbridgei_NZn,gb_knightbridgei_NZ,GB,knightbridgei,NZ,????,New Zealand,,,
,gb_lobulata_398,GB,lobulata,CH,,Chile,,,
,gb_magellanica_397_Ch,GB,fertilis,CH,,Chile,,,
,gb_microcaulis_396,GB,microcaulis,CH,,Chile,,,
,gb_parhamii_426_Fi,GB,parhamii,FI,,Fiji,,,
gb_rostrata_194_NZ_south,gb_rostrata_194_NZ_south,GB,rostrata,NZ,south,New Zealand,South Island,,
gb_rostrata_392_NZ_south,gb_rostrata_392_NZ_south,GB,rostrata,NZ,south,New Zealand,South Island,,
,gb_rostrata_Cameron_NZ_Motukowhai,GB,coastal,NZ,???,New Zealand,,,
,gb_rostrata_deLange8034_NZ_northIs,GB,coastal,NZ,north,New Zealand,North Island,,
,gb_rostrata_deLange8037_NZ_northIs,GB,coastal,NZ,north,New Zealand,North Island,,
,gb_rostrata_deLangeK376_KERM,GB,coastal,KERM,,Kermadec Islands,,,
,gb_rostrata_Stanley_sn_KERM,GB,coastal,KERM,,Kermadec Islands,,,
,gb_sp_deLange8038_NZ_northIs,GB,rostrata,NZ,north,New Zealand,North Island,,
,xF075_rostrata_NZ,F075,rostrata,NZ,,,,,
F087_junghuhniana_Fi,xF087_junghuhniana_Fi,F087,junghuhniana,FI,,Fiji,,"Norris, D.H.",45079
,xF103_rostrata_NZ,F103,coastal,NZ,?????,New Zealand,,"Blanchon, D.J.",AK301382
,xF184_rostrata_NZ,F184,rostrata,,,,,,
F217_truncatistyla_NZn,xF217_truncatistyla_NZ,F217,truncatistyla,NZ,,New Zealand,,"Engel, John & von Konrat",24175
,xF218knightbridgei,F218,knightbridgei,NZ,????,New Zealand,,"Von Konrat, Matt",99-1209
,xF219_lobulata_Ch,F219,lobulata,CH,,Chile,,"Engel, John",25277
,xF220_indet_XX,F220,DELETE,,,,,,
,xF221_microcaulis_Ch,F221,microcaulis,CH,,Chile,,"Engel, John",25360
,xF258_rostrata_NZ,F258,rostrata,NZ,?????,New Zealand,,"Engel, John & M. von Konrat",7 Whanau 2000
,xF262_toropuku_NZ,F262,toropuku,NZ,????,New Zealand,,"Von Konrat, Matt",Paterson
,xF263_rostrata_plicata_NZ,F263,rostrata,NZ,????,New Zealand,,"Von Konrat, Matt",98/58
F271_junghuniana_Fi,xF271_junghuniana_Fi,F271,junghuhniana,FI,,Fiji,,"Von Konrat, Matt",ratasite
,xF286_cf_chev_Fi,F286,chevalieri,FI,,Fiji,,"Von Konrat, Matt",10-5-29f
,xF375_neocal_NC,F375,neocaledonica,NC,,New Caledonia,,"Larraín, Juan",35871
,xF376_cf_chev_NC,F376,chevalieri,NC,,New Caledonia,,"Larraín, Juan",35841
,xF377_cf_chev_NC,F377,chevalieri,NC,,New Caledonia,,"Larraín, Juan",35907
,xF384_indet_NC,F384,DELETE,NC,,New Caledonia,,,
,xF385_cf_chev_NC,F385,chevalieri,NC,,New Caledonia,,"Larraín, Juan",35899
,xF407_parhamii_Fi,F407,parhamii,FI,,Fiji,,"Von Konrat, Matt",12/051a
,xF415_rostrata_NZ,F415,coastal,NZ,????,New Zealand,,"de Lange, Peter",11245